review_id,tool_id,reviewer_id,rating,comment
1,1,10,4,"Good tool"
2,2,20,5,Excellent
3,3,30,3,Average
4,4,40,5,"Highly recommended"
5,5,50,2,"Not satisfied"
6,6,60,4,"Good experience"
7,7,70,5,Excellent
8,8,80,3,Average
9,9,90,4,"Good tool"
10,10,100,5,"Highly recommended"
11,11,110,4,"Good experience"
12,12,120,5,Excellent
13,13,130,3,Average
14,14,140,4,"Good tool"
15,15,150,5,"Highly recommended"
16,16,160,2,"Not satisfied"
17,17,170,4,"Good experience"
18,18,180,5,Excellent
19,19,190,3,Average
20,20,200,4,"Good tool"
21,21,210,5,"Highly recommended"
22,22,220,4,"Good experience"
23,23,230,5,Excellent
24,24,240,3,Average
25,25,250,4,"Good tool"
26,26,260,5,"Highly recommended"
27,27,270,2,"Not satisfied"
28,28,280,4,"Good experience"
29,29,290,5,Excellent
30,30,300,3,Average
31,31,310,4,"Good tool"
32,32,320,5,"Highly recommended"
33,33,330,4,"Good experience"
34,34,340,5,Excellent
35,35,350,3,Average
36,36,360,4,"Good tool"
37,37,370,5,"Highly recommended"
38,38,380,2,"Not satisfied"
39,39,390,4,"Good experience"
40,40,400,5,Excellent
41,41,410,3,Average
42,42,420,4,"Good tool"
43,43,430,5,"Highly recommended"
44,44,440,4,"Good experience"
45,45,450,5,Excellent
46,46,460,3,Average
47,47,470,4,"Good tool"
48,48,480,5,"Highly recommended"
49,49,490,2,"Not satisfied"
50,50,500,4,"Good experience"
51,51,5,5,Excellent
52,52,15,4,"Good tool"
53,53,25,3,Average
54,54,35,5,"Highly recommended"
55,55,45,4,"Good experience"
56,56,55,5,Excellent
57,57,65,2,"Not satisfied"
58,58,75,4,"Good tool"
59,59,85,5,"Highly recommended"
60,60,95,3,Average
61,61,105,4,"Good experience"
62,62,115,5,Excellent
63,63,125,4,"Good tool"
64,64,135,3,Average
65,65,145,5,"Highly recommended"
66,66,155,4,"Good experience"
67,67,165,5,Excellent
68,68,175,3,Average
69,69,185,4,"Good tool"
70,70,195,5,"Highly recommended"
71,71,205,4,"Good experience"
72,72,215,5,Excellent
73,73,225,3,Average
74,74,235,4,"Good tool"
75,75,245,5,"Highly recommended"
76,76,255,2,"Not satisfied"
77,77,265,4,"Good experience"
78,78,275,5,Excellent
79,79,285,4,"Good tool"
80,80,295,3,Average
81,81,305,5,"Highly recommended"
82,82,315,4,"Good experience"
83,83,325,5,Excellent
84,84,335,3,Average
85,85,345,4,"Good tool"
86,86,355,5,"Highly recommended"
87,87,365,4,"Good experience"
88,88,375,5,Excellent
89,89,385,3,Average
90,90,395,4,"Good tool"
91,91,405,5,"Highly recommended"
92,92,415,4,"Good experience"
93,93,425,5,Excellent
94,94,435,3,Average
95,95,445,4,"Good tool"
96,96,455,5,"Highly recommended"
97,97,465,4,"Good experience"
98,98,475,5,Excellent
99,99,485,3,Average
100,100,495,4,"Good tool"
101,101,5,5,Excellent
102,102,15,4,"Good tool"
103,103,25,3,Average
104,104,35,5,"Highly recommended"
105,105,45,4,"Good experience"
106,106,55,5,Excellent
107,107,65,2,"Not satisfied"
108,108,75,4,"Good tool"
109,109,85,5,"Highly recommended"
110,110,95,3,Average
111,111,105,4,"Good experience"
112,112,115,5,Excellent
113,113,125,4,"Good tool"
114,114,135,3,Average
115,115,145,5,"Highly recommended"
116,116,155,4,"Good experience"
117,117,165,5,Excellent
118,118,175,3,Average
119,119,185,4,"Good tool"
120,120,195,5,"Highly recommended"
121,121,205,4,"Good experience"
122,122,215,5,Excellent
123,123,225,3,Average
124,124,235,4,"Good tool"
125,125,245,5,"Highly recommended"
126,126,255,2,"Not satisfied"
127,127,265,4,"Good experience"
128,128,275,5,Excellent
129,129,285,4,"Good tool"
130,130,295,3,Average
131,131,305,5,"Highly recommended"
132,132,315,4,"Good experience"
133,133,325,5,Excellent
134,134,335,3,Average
135,135,345,4,"Good tool"
136,136,355,5,"Highly recommended"
137,137,365,4,"Good experience"
138,138,375,5,Excellent
139,139,385,3,Average
140,140,395,4,"Good tool"
141,141,405,5,"Highly recommended"
142,142,415,4,"Good experience"
143,143,425,5,Excellent
144,144,435,3,Average
145,145,445,4,"Good tool"
146,146,455,5,"Highly recommended"
147,147,465,4,"Good experience"
148,148,475,5,Excellent
149,149,485,3,Average
150,150,495,4,"Good tool"
151,151,10,5,Excellent
152,152,20,4,"Good tool"
153,153,30,3,Average
154,154,40,5,"Highly recommended"
155,155,50,4,"Good experience"
156,156,60,5,Excellent
157,157,70,2,"Not satisfied"
158,158,80,4,"Good tool"
159,159,90,5,"Highly recommended"
160,160,100,3,Average
161,161,110,4,"Good experience"
162,162,120,5,Excellent
163,163,130,4,"Good tool"
164,164,140,3,Average
165,165,150,5,"Highly recommended"
166,166,160,4,"Good experience"
167,167,170,5,Excellent
168,168,180,3,Average
169,169,190,4,"Good tool"
170,170,200,5,"Highly recommended"
171,171,210,4,"Good experience"
172,172,220,5,Excellent
173,173,230,3,Average
174,174,240,4,"Good tool"
175,175,250,5,"Highly recommended"
176,176,260,2,"Not satisfied"
177,177,270,4,"Good experience"
178,178,280,5,Excellent
179,179,290,4,"Good tool"
180,180,300,3,Average
181,181,310,5,"Highly recommended"
182,182,320,4,"Good experience"
183,183,330,5,Excellent
184,184,340,3,Average
185,185,350,4,"Good tool"
186,186,360,5,"Highly recommended"
187,187,370,4,"Good experience"
188,188,380,5,Excellent
189,189,390,3,Average
190,190,400,4,"Good tool"
191,191,410,5,"Highly recommended"
192,192,420,4,"Good experience"
193,193,430,5,Excellent
194,194,440,3,Average
195,195,450,4,"Good tool"
196,196,460,5,"Highly recommended"
197,197,470,4,"Good experience"
198,198,480,5,Excellent
199,199,490,3,Average
200,200,500,4,"Good tool"
201,1,15,5,Excellent
202,2,25,4,"Good tool"
203,3,35,3,Average
204,4,45,5,"Highly recommended"
205,5,55,4,"Good experience"
206,6,65,5,Excellent
207,7,75,2,"Not satisfied"
208,8,85,4,"Good tool"
209,9,95,5,"Highly recommended"
210,10,105,3,Average
211,11,115,4,"Good experience"
212,12,125,5,Excellent
213,13,135,4,"Good tool"
214,14,145,3,Average
215,15,155,5,"Highly recommended"
216,16,165,4,"Good experience"
217,17,175,5,Excellent
218,18,185,3,Average
219,19,195,4,"Good tool"
220,20,205,5,"Highly recommended"
221,21,215,4,"Good experience"
222,22,225,5,Excellent
223,23,235,3,Average
224,24,245,4,"Good tool"
225,25,255,5,"Highly recommended"
226,26,265,2,"Not satisfied"
227,27,275,4,"Good experience"
228,28,285,5,Excellent
229,29,295,4,"Good tool"
230,30,305,3,Average
231,31,315,5,"Highly recommended"
232,32,325,4,"Good experience"
233,33,335,5,Excellent
234,34,345,3,Average
235,35,355,4,"Good tool"
236,36,365,5,"Highly recommended"
237,37,375,4,"Good experience"
238,38,385,5,Excellent
239,39,395,3,Average
240,40,405,4,"Good tool"
241,41,415,5,"Highly recommended"
242,42,425,4,"Good experience"
243,43,435,5,Excellent
244,44,445,3,Average
245,45,455,4,"Good tool"
246,46,465,5,"Highly recommended"
247,47,475,4,"Good experience"
248,48,485,5,Excellent
249,49,495,3,Average
250,50,500,4,"Good tool"
251,51,10,5,Excellent
252,52,20,4,"Good tool"
253,53,30,3,Average
254,54,40,5,"Highly recommended"
255,55,50,4,"Good experience"
256,56,60,5,Excellent
257,57,70,2,"Not satisfied"
258,58,80,4,"Good tool"
259,59,90,5,"Highly recommended"
260,60,100,3,Average
261,61,110,4,"Good experience"
262,62,120,5,Excellent
263,63,130,4,"Good tool"
264,64,140,3,Average
265,65,150,5,"Highly recommended"
266,66,160,4,"Good experience"
267,67,170,5,Excellent
268,68,180,3,Average
269,69,190,4,"Good tool"
270,70,200,5,"Highly recommended"
271,71,210,4,"Good experience"
272,72,220,5,Excellent
273,73,230,3,Average
274,74,240,4,"Good tool"
275,75,250,5,"Highly recommended"
276,76,260,2,"Not satisfied"
277,77,270,4,"Good experience"
278,78,280,5,Excellent
279,79,290,4,"Good tool"
280,80,300,3,Average
281,81,310,5,"Highly recommended"
282,82,320,4,"Good experience"
283,83,330,5,Excellent
284,84,340,3,Average
285,85,350,4,"Good tool"
286,86,360,5,"Highly recommended"
287,87,370,4,"Good experience"
288,88,380,5,Excellent
289,89,390,3,Average
290,90,400,4,"Good tool"
291,91,410,5,"Highly recommended"
292,92,420,4,"Good experience"
293,93,430,5,Excellent
294,94,440,3,Average
295,95,450,4,"Good tool"
296,96,460,5,"Highly recommended"
297,97,470,4,"Good experience"
298,98,480,5,Excellent
299,99,490,3,Average
300,100,500,4,"Good tool"
301,101,5,5,Excellent
302,102,15,4,"Good tool"
303,103,25,3,Average
304,104,35,5,"Highly recommended"
305,105,45,4,"Good experience"
306,106,55,5,Excellent
307,107,65,2,"Not satisfied"
308,108,75,4,"Good tool"
309,109,85,5,"Highly recommended"
310,110,95,3,Average
311,111,105,4,"Good experience"
312,112,115,5,Excellent
313,113,125,4,"Good tool"
314,114,135,3,Average
315,115,145,5,"Highly recommended"
316,116,155,4,"Good experience"
317,117,165,5,Excellent
318,118,175,3,Average
319,119,185,4,"Good tool"
320,120,195,5,"Highly recommended"
321,121,205,4,"Good experience"
322,122,215,5,Excellent
323,123,225,3,Average
324,124,235,4,"Good tool"
325,125,245,5,"Highly recommended"
326,126,255,2,"Not satisfied"
327,127,265,4,"Good experience"
328,128,275,5,Excellent
329,129,285,4,"Good tool"
330,130,295,3,Average
331,131,305,5,"Highly recommended"
332,132,315,4,"Good experience"
333,133,325,5,Excellent
334,134,335,3,Average
335,135,345,4,"Good tool"
336,136,355,5,"Highly recommended"
337,137,365,4,"Good experience"
338,138,375,5,Excellent
339,139,385,3,Average
340,140,395,4,"Good tool"
341,141,405,5,"Highly recommended"
342,142,415,4,"Good experience"
343,143,425,5,Excellent
344,144,435,3,Average
345,145,445,4,"Good tool"
346,146,455,5,"Highly recommended"
347,147,465,4,"Good experience"
348,148,475,5,Excellent
349,149,485,3,Average
350,150,495,4,"Good tool"
351,151,10,5,Excellent
352,152,20,4,"Good tool"
353,153,30,3,Average
354,154,40,5,"Highly recommended"
355,155,50,4,"Good experience"
356,156,60,5,Excellent
357,157,70,2,"Not satisfied"
358,158,80,4,"Good tool"
359,159,90,5,"Highly recommended"
360,160,100,3,Average
361,161,110,4,"Good experience"
362,162,120,5,Excellent
363,163,130,4,"Good tool"
364,164,140,3,Average
365,165,150,5,"Highly recommended"
366,166,160,4,"Good experience"
367,167,170,5,Excellent
368,168,180,3,Average
369,169,190,4,"Good tool"
370,170,200,5,"Highly recommended"
371,171,210,4,"Good experience"
372,172,220,5,Excellent
373,173,230,3,Average
374,174,240,4,"Good tool"
375,175,250,5,"Highly recommended"
376,176,260,2,"Not satisfied"
377,177,270,4,"Good experience"
378,178,280,5,Excellent
379,179,290,4,"Good tool"
380,180,300,3,Average
381,181,310,5,"Highly recommended"
382,182,320,4,"Good experience"
383,183,330,5,Excellent
384,184,340,3,Average
385,185,350,4,"Good tool"
386,186,360,5,"Highly recommended"
387,187,370,4,"Good experience"
388,188,380,5,Excellent
389,189,390,3,Average
390,190,400,4,"Good tool"
391,191,410,5,"Highly recommended"
392,192,420,4,"Good experience"
393,193,430,5,Excellent
394,194,440,3,Average
395,195,450,4,"Good tool"
396,196,460,5,"Highly recommended"
397,197,470,4,"Good experience"
398,198,480,5,Excellent
399,199,490,3,Average
400,200,500,4,"Good tool"
401,1,15,5,Excellent
402,2,25,4,"Good tool"
403,3,35,3,Average
404,4,45,5,"Highly recommended"
405,5,55,4,"Good experience"
406,6,65,5,Excellent
407,7,75,2,"Not satisfied"
408,8,85,4,"Good tool"
409,9,95,5,"Highly recommended"
410,10,105,3,Average
411,11,115,4,"Good experience"
412,12,125,5,Excellent
413,13,135,4,"Good tool"
414,14,145,3,Average
415,15,155,5,"Highly recommended"
416,16,165,4,"Good experience"
417,17,175,5,Excellent
418,18,185,3,Average
419,19,195,4,"Good tool"
420,20,205,5,"Highly recommended"
421,21,215,4,"Good experience"
422,22,225,5,Excellent
423,23,235,3,Average
424,24,245,4,"Good tool"
425,25,255,5,"Highly recommended"
426,26,265,2,"Not satisfied"
427,27,275,4,"Good experience"
428,28,285,5,Excellent
429,29,295,4,"Good tool"
430,30,305,3,Average
431,31,315,5,"Highly recommended"
432,32,325,4,"Good experience"
433,33,335,5,Excellent
434,34,345,3,Average
435,35,355,4,"Good tool"
436,36,365,5,"Highly recommended"
437,37,375,4,"Good experience"
438,38,385,5,Excellent
439,39,395,3,Average
440,40,405,4,"Good tool"
441,41,415,5,"Highly recommended"
442,42,425,4,"Good experience"
443,43,435,5,Excellent
444,44,445,3,Average
445,45,455,4,"Good tool"
446,46,465,5,"Highly recommended"
447,47,475,4,"Good experience"
448,48,485,5,Excellent
449,49,495,3,Average
450,50,500,4,"Good tool"
451,51,10,5,Excellent
452,52,20,4,"Good tool"
453,53,30,3,Average
454,54,40,5,"Highly recommended"
455,55,50,4,"Good experience"
456,56,60,5,Excellent
457,57,70,2,"Not satisfied"
458,58,80,4,"Good tool"
459,59,90,5,"Highly recommended"
460,60,100,3,Average
461,61,110,4,"Good experience"
462,62,120,5,Excellent
463,63,130,4,"Good tool"
464,64,140,3,Average
465,65,150,5,"Highly recommended"
466,66,160,4,"Good experience"
467,67,170,5,Excellent
468,68,180,3,Average
469,69,190,4,"Good tool"
470,70,200,5,"Highly recommended"
471,71,210,4,"Good experience"
472,72,220,5,Excellent
473,73,230,3,Average
474,74,240,4,"Good tool"
475,75,250,5,"Highly recommended"
476,76,260,2,"Not satisfied"
477,77,270,4,"Good experience"
478,78,280,5,Excellent
479,79,290,4,"Good tool"
480,80,300,3,Average
481,81,310,5,"Highly recommended"
482,82,320,4,"Good experience"
483,83,330,5,Excellent
484,84,340,3,Average
485,85,350,4,"Good tool"
486,86,360,5,"Highly recommended"
487,87,370,4,"Good experience"
488,88,380,5,Excellent
489,89,390,3,Average
490,90,400,4,"Good tool"
491,91,410,5,"Highly recommended"
492,92,420,4,"Good experience"
493,93,430,5,Excellent
494,94,440,3,Average
495,95,450,4,"Good tool"
496,96,460,5,"Highly recommended"
497,97,470,4,"Good experience"
498,98,480,5,Excellent
499,99,490,3,Average
500,100,500,4,"Good tool"
