user_id,name,email,phone,address,city,joined_date
1,"Alice Smith",alice1@email.com,9999000001,"Street 1, CityA",CityA,"2022-01-05 00:00:00"
2,"Bob Johnson",bob2@email.com,9999000002,"Street 2, CityB",CityB,"2022-03-12 00:00:00"
3,"Carol Williams",carol3@email.com,9999000003,"Street 3, CityC",CityC,"2021-11-20 00:00:00"
4,"David Brown",david4@email.com,9999000004,"Street 4, CityD",CityD,"2023-02-14 00:00:00"
5,"Eva Davis",eva5@email.com,9999000005,"Street 5, CityE",CityE,"2022-07-08 00:00:00"
6,"Frank Miller",frank6@email.com,9999000006,"Street 6, CityF",CityF,"2022-09-01 00:00:00"
7,"Grace Wilson",grace7@email.com,9999000007,"Street 7, CityG",CityG,"2021-12-25 00:00:00"
8,"Henry Moore",henry8@email.com,9999000008,"Street 8, CityH",CityH,"2023-01-20 00:00:00"
9,"Ivy Taylor",ivy9@email.com,9999000009,"Street 9, CityI",CityI,"2022-06-18 00:00:00"
10,"Jack Anderson",jack10@email.com,9999000010,"Street 10, CityJ",CityJ,"2022-11-30 00:00:00"
11,"Kathy Thomas",kathy11@email.com,9999000011,"Street 11, CityK",CityK,"2023-01-10 00:00:00"
12,"Leo Harris",leo12@email.com,9999000012,"Street 12, CityL",CityL,"2022-08-05 00:00:00"
13,"Mia Martin",mia13@email.com,9999000013,"Street 13, CityM",CityM,"2021-10-22 00:00:00"
14,"Nathan Lee",nathan14@email.com,9999000014,"Street 14, CityN",CityN,"2022-05-17 00:00:00"
15,"Olivia Walker",olivia15@email.com,9999000015,"Street 15, CityO",CityO,"2022-12-01 00:00:00"
16,"Peter Hall",peter16@email.com,9999000016,"Street 16, CityP",CityP,"2023-02-11 00:00:00"
17,"Quinn Allen",quinn17@email.com,9999000017,"Street 17, CityQ",CityQ,"2022-07-20 00:00:00"
18,"Rachel Young",rachel18@email.com,9999000018,"Street 18, CityR",CityR,"2021-09-29 00:00:00"
19,"Steve King",steve19@email.com,9999000019,"Street 19, CityS",CityS,"2022-11-12 00:00:00"
20,"Tina Wright",tina20@email.com,9999000020,"Street 20, CityT",CityT,"2022-03-18 00:00:00"
21,"Uma Scott",uma21@email.com,9999000021,"Street 21, CityU",CityU,"2022-04-22 00:00:00"
22,"Victor Green",victor22@email.com,9999000022,"Street 22, CityV",CityV,"2022-08-29 00:00:00"
23,"Wendy Baker",wendy23@email.com,9999000023,"Street 23, CityW",CityW,"2023-01-05 00:00:00"
24,"Xander Adams",xander24@email.com,9999000024,"Street 24, CityX",CityX,"2022-06-12 00:00:00"
25,"Yara Nelson",yara25@email.com,9999000025,"Street 25, CityY",CityY,"2022-09-15 00:00:00"
26,"Zane Carter",zane26@email.com,9999000026,"Street 26, CityZ",CityZ,"2023-02-02 00:00:00"
27,"Aaron Price",aaron27@email.com,9999000027,"Street 27, CityA",CityA,"2022-05-28 00:00:00"
28,"Bella Murphy",bella28@email.com,9999000028,"Street 28, CityB",CityB,"2022-07-11 00:00:00"
29,"Cody Reed",cody29@email.com,9999000029,"Street 29, CityC",CityC,"2021-12-19 00:00:00"
30,"Diana Kelly",diana30@email.com,9999000030,"Street 30, CityD",CityD,"2022-03-25 00:00:00"
31,"Ethan Howard",ethan31@email.com,9999000031,"Street 31, CityE",CityE,"2023-01-15 00:00:00"
32,"Fiona Cooper",fiona32@email.com,9999000032,"Street 32, CityF",CityF,"2022-09-08 00:00:00"
33,"Gavin Ward",gavin33@email.com,9999000033,"Street 33, CityG",CityG,"2022-11-01 00:00:00"
34,"Hannah Brooks",hannah34@email.com,9999000034,"Street 34, CityH",CityH,"2022-06-21 00:00:00"
35,"Ian Sanders",ian35@email.com,9999000035,"Street 35, CityI",CityI,"2023-02-05 00:00:00"
36,"Julia Long",julia36@email.com,9999000036,"Street 36, CityJ",CityJ,"2022-08-18 00:00:00"
37,"Kyle Perry",kyle37@email.com,9999000037,"Street 37, CityK",CityK,"2022-12-09 00:00:00"
38,"Laura Hughes",laura38@email.com,9999000038,"Street 38, CityL",CityL,"2023-01-22 00:00:00"
39,"Mason Flores",mason39@email.com,9999000039,"Street 39, CityM",CityM,"2022-07-30 00:00:00"
40,"Nina Washington",nina40@email.com,9999000040,"Street 40, CityN",CityN,"2022-05-14 00:00:00"
41,"Owen Butler",owen41@email.com,9999000041,"Street 41, CityO",CityO,"2022-09-25 00:00:00"
42,"Paula Simmons",paula42@email.com,9999000042,"Street 42, CityP",CityP,"2022-11-16 00:00:00"
43,"Quentin Foster",quentin43@email.com,9999000043,"Street 43, CityQ",CityQ,"2023-02-08 00:00:00"
44,"Rose Gonzales",rose44@email.com,9999000044,"Street 44, CityR",CityR,"2022-06-05 00:00:00"
45,"Sammy Bryant",sammy45@email.com,9999000045,"Street 45, CityS",CityS,"2022-08-28 00:00:00"
46,"Tracy Alexander",tracy46@email.com,9999000046,"Street 46, CityT",CityT,"2023-01-18 00:00:00"
47,"Ulysses Rice",ulysses47@email.com,9999000047,"Street 47, CityU",CityU,"2022-12-03 00:00:00"
48,"Vanessa Griffin",vanessa48@email.com,9999000048,"Street 48, CityV",CityV,"2022-07-21 00:00:00"
49,"Willie Diaz",willie49@email.com,9999000049,"Street 49, CityW",CityW,"2023-02-12 00:00:00"
50,"Ximena Hayes",ximena50@email.com,9999000050,"Street 50, CityX",CityX,"2022-09-09 00:00:00"
51,"Yvonne Porter",yvonne51@email.com,9999000051,"Street 51, CityY",CityY,"2022-05-12 00:00:00"
52,"Zachary Ellis",zachary52@email.com,9999000052,"Street 52, CityZ",CityZ,"2023-01-07 00:00:00"
53,"Aaron Bishop",aaron53@email.com,9999000053,"Street 53, CityA",CityA,"2022-08-14 00:00:00"
54,"Bella Chapman",bella54@email.com,9999000054,"Street 54, CityB",CityB,"2021-12-29 00:00:00"
55,"Caleb Ford",caleb55@email.com,9999000055,"Street 55, CityC",CityC,"2022-03-19 00:00:00"
56,"Daphne Graham",daphne56@email.com,9999000056,"Street 56, CityD",CityD,"2022-09-02 00:00:00"
57,"Eli Hamilton",eli57@email.com,9999000057,"Street 57, CityE",CityE,"2023-02-04 00:00:00"
58,"Faith Jenkins",faith58@email.com,9999000058,"Street 58, CityF",CityF,"2022-06-21 00:00:00"
59,"Gideon Kelley",gideon59@email.com,9999000059,"Street 59, CityG",CityG,"2022-11-09 00:00:00"
60,"Holly Lane",holly60@email.com,9999000060,"Street 60, CityH",CityH,"2022-04-18 00:00:00"
61,"Ian Monroe",ian61@email.com,9999000061,"Street 61, CityI",CityI,"2023-01-15 00:00:00"
62,"Jenna Norris",jenna62@email.com,9999000062,"Street 62, CityJ",CityJ,"2022-08-30 00:00:00"
63,"Kevin Owen",kevin63@email.com,9999000063,"Street 63, CityK",CityK,"2022-12-11 00:00:00"
64,"Lila Parker",lila64@email.com,9999000064,"Street 64, CityL",CityL,"2023-02-02 00:00:00"
65,"Mason Quinn",mason65@email.com,9999000065,"Street 65, CityM",CityM,"2022-05-25 00:00:00"
66,"Nora Rivera",nora66@email.com,9999000066,"Street 66, CityN",CityN,"2022-07-13 00:00:00"
67,"Owen Sullivan",owen67@email.com,9999000067,"Street 67, CityO",CityO,"2023-01-29 00:00:00"
68,"Paige Tucker",paige68@email.com,9999000068,"Street 68, CityP",CityP,"2022-06-09 00:00:00"
69,"Quincy Vaughn",quincy69@email.com,9999000069,"Street 69, CityQ",CityQ,"2022-11-21 00:00:00"
70,"Riley Walker",riley70@email.com,9999000070,"Street 70, CityR",CityR,"2022-03-28 00:00:00"
71,"Sophia Xu",sophia71@email.com,9999000071,"Street 71, CityS",CityS,"2023-02-06 00:00:00"
72,"Tyler Young",tyler72@email.com,9999000072,"Street 72, CityT",CityT,"2022-07-02 00:00:00"
73,"Uma Zimmerman",uma73@email.com,9999000073,"Street 73, CityU",CityU,"2022-08-17 00:00:00"
74,"Victor Allen",victor74@email.com,9999000074,"Street 74, CityV",CityV,"2023-01-23 00:00:00"
75,"Wendy Brooks",wendy75@email.com,9999000075,"Street 75, CityW",CityW,"2022-06-28 00:00:00"
76,"Xander Carter",xander76@email.com,9999000076,"Street 76, CityX",CityX,"2022-12-05 00:00:00"
77,"Yara Dixon",yara77@email.com,9999000077,"Street 77, CityY",CityY,"2023-02-08 00:00:00"
78,"Zane Edwards",zane78@email.com,9999000078,"Street 78, CityZ",CityZ,"2022-05-16 00:00:00"
79,"Aiden Foster",aiden79@email.com,9999000079,"Street 79, CityA",CityA,"2022-09-01 00:00:00"
80,"Bella Garcia",bella80@email.com,9999000080,"Street 80, CityB",CityB,"2023-01-12 00:00:00"
81,"Calvin Howard",calvin81@email.com,9999000081,"Street 81, CityC",CityC,"2022-06-07 00:00:00"
82,"Daisy Ingram",daisy82@email.com,9999000082,"Street 82, CityD",CityD,"2022-12-19 00:00:00"
83,"Ethan Jenkins",ethan83@email.com,9999000083,"Street 83, CityE",CityE,"2023-02-04 00:00:00"
84,"Fiona Kelly",fiona84@email.com,9999000084,"Street 84, CityF",CityF,"2022-07-29 00:00:00"
85,"Gavin Lee",gavin85@email.com,9999000085,"Street 85, CityG",CityG,"2022-11-14 00:00:00"
86,"Hannah Moore",hannah86@email.com,9999000086,"Street 86, CityH",CityH,"2022-05-23 00:00:00"
87,"Isaac Nelson",isaac87@email.com,9999000087,"Street 87, CityI",CityI,"2023-01-09 00:00:00"
88,"Jade Owens",jade88@email.com,9999000088,"Street 88, CityJ",CityJ,"2022-06-15 00:00:00"
89,"Kyle Peterson",kyle89@email.com,9999000089,"Street 89, CityK",CityK,"2022-12-01 00:00:00"
90,"Lila Quinn",lila90@email.com,9999000090,"Street 90, CityL",CityL,"2023-02-03 00:00:00"
91,"Mason Roberts",mason91@email.com,9999000091,"Street 91, CityM",CityM,"2022-05-12 00:00:00"
92,"Nora Scott",nora92@email.com,9999000092,"Street 92, CityN",CityN,"2022-08-28 00:00:00"
93,"Owen Taylor",owen93@email.com,9999000093,"Street 93, CityO",CityO,"2023-01-18 00:00:00"
94,"Paige Underwood",paige94@email.com,9999000094,"Street 94, CityP",CityP,"2022-06-03 00:00:00"
95,"Quentin Vaughn",quentin95@email.com,9999000095,"Street 95, CityQ",CityQ,"2022-12-20 00:00:00"
96,"Riley White",riley96@email.com,9999000096,"Street 96, CityR",CityR,"2023-02-01 00:00:00"
97,"Sophia Xu",sophia97@email.com,9999000097,"Street 97, CityS",CityS,"2022-07-11 00:00:00"
98,"Tyler Young",tyler98@email.com,9999000098,"Street 98, CityT",CityT,"2022-09-05 00:00:00"
99,"Uma Zimmerman",uma99@email.com,9999000099,"Street 99, CityU",CityU,"2023-01-25 00:00:00"
100,"Victor Allen",victor100@email.com,9999000100,"Street 100, CityV",CityV,"2022-06-30 00:00:00"
101,"Wendy Brooks",wendy101@email.com,9999000101,"Street 101, CityW",CityW,"2022-07-15 00:00:00"
102,"Xander Carter",xander102@email.com,9999000102,"Street 102, CityX",CityX,"2023-01-12 00:00:00"
103,"Yara Dixon",yara103@email.com,9999000103,"Street 103, CityY",CityY,"2022-06-08 00:00:00"
104,"Zane Edwards",zane104@email.com,9999000104,"Street 104, CityZ",CityZ,"2022-12-05 00:00:00"
105,"Aiden Foster",aiden105@email.com,9999000105,"Street 105, CityA",CityA,"2023-02-01 00:00:00"
106,"Bella Garcia",bella106@email.com,9999000106,"Street 106, CityB",CityB,"2022-08-17 00:00:00"
107,"Calvin Howard",calvin107@email.com,9999000107,"Street 107, CityC",CityC,"2022-11-20 00:00:00"
108,"Daisy Ingram",daisy108@email.com,9999000108,"Street 108, CityD",CityD,"2023-01-29 00:00:00"
109,"Ethan Jenkins",ethan109@email.com,9999000109,"Street 109, CityE",CityE,"2022-07-02 00:00:00"
110,"Fiona Kelly",fiona110@email.com,9999000110,"Street 110, CityF",CityF,"2022-09-25 00:00:00"
111,"Gavin Lee",gavin111@email.com,9999000111,"Street 111, CityG",CityG,"2023-02-10 00:00:00"
112,"Hannah Moore",hannah112@email.com,9999000112,"Street 112, CityH",CityH,"2022-06-16 00:00:00"
113,"Isaac Nelson",isaac113@email.com,9999000113,"Street 113, CityI",CityI,"2022-12-02 00:00:00"
114,"Jade Owens",jade114@email.com,9999000114,"Street 114, CityJ",CityJ,"2023-01-23 00:00:00"
115,"Kyle Peterson",kyle115@email.com,9999000115,"Street 115, CityK",CityK,"2022-07-27 00:00:00"
116,"Lila Quinn",lila116@email.com,9999000116,"Street 116, CityL",CityL,"2022-11-08 00:00:00"
117,"Mason Roberts",mason117@email.com,9999000117,"Street 117, CityM",CityM,"2023-02-05 00:00:00"
118,"Nora Scott",nora118@email.com,9999000118,"Street 118, CityN",CityN,"2022-06-12 00:00:00"
119,"Owen Taylor",owen119@email.com,9999000119,"Street 119, CityO",CityO,"2022-09-30 00:00:00"
120,"Paige Underwood",paige120@email.com,9999000120,"Street 120, CityP",CityP,"2023-01-18 00:00:00"
121,"Quentin Vaughn",quentin121@email.com,9999000121,"Street 121, CityQ",CityQ,"2022-07-07 00:00:00"
122,"Riley White",riley122@email.com,9999000122,"Street 122, CityR",CityR,"2022-12-21 00:00:00"
123,"Sophia Xu",sophia123@email.com,9999000123,"Street 123, CityS",CityS,"2023-02-03 00:00:00"
124,"Tyler Young",tyler124@email.com,9999000124,"Street 124, CityT",CityT,"2022-06-29 00:00:00"
125,"Uma Zimmerman",uma125@email.com,9999000125,"Street 125, CityU",CityU,"2022-09-11 00:00:00"
126,"Victor Allen",victor126@email.com,9999000126,"Street 126, CityV",CityV,"2023-01-21 00:00:00"
127,"Wendy Brooks",wendy127@email.com,9999000127,"Street 127, CityW",CityW,"2022-06-04 00:00:00"
128,"Xander Carter",xander128@email.com,9999000128,"Street 128, CityX",CityX,"2022-11-15 00:00:00"
129,"Yara Dixon",yara129@email.com,9999000129,"Street 129, CityY",CityY,"2023-02-09 00:00:00"
130,"Zane Edwards",zane130@email.com,9999000130,"Street 130, CityZ",CityZ,"2022-07-20 00:00:00"
131,"Aiden Foster",aiden131@email.com,9999000131,"Street 131, CityA",CityA,"2022-12-07 00:00:00"
132,"Bella Garcia",bella132@email.com,9999000132,"Street 132, CityB",CityB,"2023-01-30 00:00:00"
133,"Calvin Howard",calvin133@email.com,9999000133,"Street 133, CityC",CityC,"2022-06-18 00:00:00"
134,"Daisy Ingram",daisy134@email.com,9999000134,"Street 134, CityD",CityD,"2022-09-27 00:00:00"
135,"Ethan Jenkins",ethan135@email.com,9999000135,"Street 135, CityE",CityE,"2023-02-06 00:00:00"
136,"Fiona Kelly",fiona136@email.com,9999000136,"Street 136, CityF",CityF,"2022-07-24 00:00:00"
137,"Gavin Lee",gavin137@email.com,9999000137,"Street 137, CityG",CityG,"2022-11-11 00:00:00"
138,"Hannah Moore",hannah138@email.com,9999000138,"Street 138, CityH",CityH,"2023-01-03 00:00:00"
139,"Isaac Nelson",isaac139@email.com,9999000139,"Street 139, CityI",CityI,"2022-06-10 00:00:00"
140,"Jade Owens",jade140@email.com,9999000140,"Street 140, CityJ",CityJ,"2022-12-15 00:00:00"
141,"Kyle Peterson",kyle141@email.com,9999000141,"Street 141, CityK",CityK,"2023-02-02 00:00:00"
142,"Lila Quinn",lila142@email.com,9999000142,"Street 142, CityL",CityL,"2022-07-05 00:00:00"
143,"Mason Roberts",mason143@email.com,9999000143,"Street 143, CityM",CityM,"2022-09-20 00:00:00"
144,"Nora Scott",nora144@email.com,9999000144,"Street 144, CityN",CityN,"2023-01-28 00:00:00"
145,"Owen Taylor",owen145@email.com,9999000145,"Street 145, CityO",CityO,"2022-06-22 00:00:00"
146,"Paige Underwood",paige146@email.com,9999000146,"Street 146, CityP",CityP,"2022-11-30 00:00:00"
147,"Quentin Vaughn",quentin147@email.com,9999000147,"Street 147, CityQ",CityQ,"2023-02-07 00:00:00"
148,"Riley White",riley148@email.com,9999000148,"Street 148, CityR",CityR,"2022-07-14 00:00:00"
149,"Sophia Xu",sophia149@email.com,9999000149,"Street 149, CityS",CityS,"2023-01-04 00:00:00"
150,"Tyler Young",tyler150@email.com,9999000150,"Street 150, CityT",CityT,"2022-06-28 00:00:00"
151,"Uma Zimmerman",uma151@email.com,9999000151,"Street 151, CityU",CityU,"2022-07-10 00:00:00"
152,"Victor Allen",victor152@email.com,9999000152,"Street 152, CityV",CityV,"2023-01-16 00:00:00"
153,"Wendy Brooks",wendy153@email.com,9999000153,"Street 153, CityW",CityW,"2022-06-05 00:00:00"
154,"Xander Carter",xander154@email.com,9999000154,"Street 154, CityX",CityX,"2022-12-08 00:00:00"
155,"Yara Dixon",yara155@email.com,9999000155,"Street 155, CityY",CityY,"2023-02-02 00:00:00"
156,"Zane Edwards",zane156@email.com,9999000156,"Street 156, CityZ",CityZ,"2022-07-25 00:00:00"
157,"Aiden Foster",aiden157@email.com,9999000157,"Street 157, CityA",CityA,"2022-12-03 00:00:00"
158,"Bella Garcia",bella158@email.com,9999000158,"Street 158, CityB",CityB,"2023-01-31 00:00:00"
159,"Calvin Howard",calvin159@email.com,9999000159,"Street 159, CityC",CityC,"2022-06-15 00:00:00"
160,"Daisy Ingram",daisy160@email.com,9999000160,"Street 160, CityD",CityD,"2022-09-28 00:00:00"
161,"Ethan Jenkins",ethan161@email.com,9999000161,"Street 161, CityE",CityE,"2023-02-06 00:00:00"
162,"Fiona Kelly",fiona162@email.com,9999000162,"Street 162, CityF",CityF,"2022-07-21 00:00:00"
163,"Gavin Lee",gavin163@email.com,9999000163,"Street 163, CityG",CityG,"2022-11-12 00:00:00"
164,"Hannah Moore",hannah164@email.com,9999000164,"Street 164, CityH",CityH,"2023-01-05 00:00:00"
165,"Isaac Nelson",isaac165@email.com,9999000165,"Street 165, CityI",CityI,"2022-06-13 00:00:00"
166,"Jade Owens",jade166@email.com,9999000166,"Street 166, CityJ",CityJ,"2022-12-16 00:00:00"
167,"Kyle Peterson",kyle167@email.com,9999000167,"Street 167, CityK",CityK,"2023-02-03 00:00:00"
168,"Lila Quinn",lila168@email.com,9999000168,"Street 168, CityL",CityL,"2022-07-06 00:00:00"
169,"Mason Roberts",mason169@email.com,9999000169,"Street 169, CityM",CityM,"2022-09-21 00:00:00"
170,"Nora Scott",nora170@email.com,9999000170,"Street 170, CityN",CityN,"2023-01-29 00:00:00"
171,"Owen Taylor",owen171@email.com,9999000171,"Street 171, CityO",CityO,"2022-06-23 00:00:00"
172,"Paige Underwood",paige172@email.com,9999000172,"Street 172, CityP",CityP,"2022-12-01 00:00:00"
173,"Quentin Vaughn",quentin173@email.com,9999000173,"Street 173, CityQ",CityQ,"2023-02-08 00:00:00"
174,"Riley White",riley174@email.com,9999000174,"Street 174, CityR",CityR,"2022-07-15 00:00:00"
175,"Sophia Xu",sophia175@email.com,9999000175,"Street 175, CityS",CityS,"2023-01-06 00:00:00"
176,"Tyler Young",tyler176@email.com,9999000176,"Street 176, CityT",CityT,"2022-06-29 00:00:00"
177,"Uma Zimmerman",uma177@email.com,9999000177,"Street 177, CityU",CityU,"2022-09-12 00:00:00"
178,"Victor Allen",victor178@email.com,9999000178,"Street 178, CityV",CityV,"2023-01-22 00:00:00"
179,"Wendy Brooks",wendy179@email.com,9999000179,"Street 179, CityW",CityW,"2022-06-06 00:00:00"
180,"Xander Carter",xander180@email.com,9999000180,"Street 180, CityX",CityX,"2022-12-09 00:00:00"
181,"Yara Dixon",yara181@email.com,9999000181,"Street 181, CityY",CityY,"2023-02-03 00:00:00"
182,"Zane Edwards",zane182@email.com,9999000182,"Street 182, CityZ",CityZ,"2022-07-26 00:00:00"
183,"Aiden Foster",aiden183@email.com,9999000183,"Street 183, CityA",CityA,"2022-12-04 00:00:00"
184,"Bella Garcia",bella184@email.com,9999000184,"Street 184, CityB",CityB,"2023-01-31 00:00:00"
185,"Calvin Howard",calvin185@email.com,9999000185,"Street 185, CityC",CityC,"2022-06-16 00:00:00"
186,"Daisy Ingram",daisy186@email.com,9999000186,"Street 186, CityD",CityD,"2022-09-29 00:00:00"
187,"Ethan Jenkins",ethan187@email.com,9999000187,"Street 187, CityE",CityE,"2023-02-07 00:00:00"
188,"Fiona Kelly",fiona188@email.com,9999000188,"Street 188, CityF",CityF,"2022-07-22 00:00:00"
189,"Gavin Lee",gavin189@email.com,9999000189,"Street 189, CityG",CityG,"2022-11-13 00:00:00"
190,"Hannah Moore",hannah190@email.com,9999000190,"Street 190, CityH",CityH,"2023-01-04 00:00:00"
191,"Isaac Nelson",isaac191@email.com,9999000191,"Street 191, CityI",CityI,"2022-06-14 00:00:00"
192,"Jade Owens",jade192@email.com,9999000192,"Street 192, CityJ",CityJ,"2022-12-17 00:00:00"
193,"Kyle Peterson",kyle193@email.com,9999000193,"Street 193, CityK",CityK,"2023-02-04 00:00:00"
194,"Lila Quinn",lila194@email.com,9999000194,"Street 194, CityL",CityL,"2022-07-07 00:00:00"
195,"Mason Roberts",mason195@email.com,9999000195,"Street 195, CityM",CityM,"2022-09-22 00:00:00"
196,"Nora Scott",nora196@email.com,9999000196,"Street 196, CityN",CityN,"2023-01-30 00:00:00"
197,"Owen Taylor",owen197@email.com,9999000197,"Street 197, CityO",CityO,"2022-06-24 00:00:00"
198,"Paige Underwood",paige198@email.com,9999000198,"Street 198, CityP",CityP,"2022-12-02 00:00:00"
199,"Quentin Vaughn",quentin199@email.com,9999000199,"Street 199, CityQ",CityQ,"2023-02-09 00:00:00"
200,"Riley White",riley200@email.com,9999000200,"Street 200, CityR",CityR,"2022-07-16 00:00:00"
201,"Sophia Xu",sophia201@email.com,9999000201,"Street 201, CityS",CityS,"2023-01-07 00:00:00"
202,"Tyler Young",tyler202@email.com,9999000202,"Street 202, CityT",CityT,"2022-06-30 00:00:00"
203,"Uma Zimmerman",uma203@email.com,9999000203,"Street 203, CityU",CityU,"2022-09-13 00:00:00"
204,"Victor Allen",victor204@email.com,9999000204,"Street 204, CityV",CityV,"2023-01-23 00:00:00"
205,"Wendy Brooks",wendy205@email.com,9999000205,"Street 205, CityW",CityW,"2022-06-07 00:00:00"
206,"Xander Carter",xander206@email.com,9999000206,"Street 206, CityX",CityX,"2022-12-10 00:00:00"
207,"Yara Dixon",yara207@email.com,9999000207,"Street 207, CityY",CityY,"2023-02-04 00:00:00"
208,"Zane Edwards",zane208@email.com,9999000208,"Street 208, CityZ",CityZ,"2022-07-27 00:00:00"
209,"Aiden Foster",aiden209@email.com,9999000209,"Street 209, CityA",CityA,"2022-12-05 00:00:00"
210,"Bella Garcia",bella210@email.com,9999000210,"Street 210, CityB",CityB,"2023-02-01 00:00:00"
211,"Calvin Howard",calvin211@email.com,9999000211,"Street 211, CityC",CityC,"2022-06-17 00:00:00"
212,"Daisy Ingram",daisy212@email.com,9999000212,"Street 212, CityD",CityD,"2022-09-30 00:00:00"
213,"Ethan Jenkins",ethan213@email.com,9999000213,"Street 213, CityE",CityE,"2023-02-08 00:00:00"
214,"Fiona Kelly",fiona214@email.com,9999000214,"Street 214, CityF",CityF,"2022-07-23 00:00:00"
215,"Gavin Lee",gavin215@email.com,9999000215,"Street 215, CityG",CityG,"2022-11-14 00:00:00"
216,"Hannah Moore",hannah216@email.com,9999000216,"Street 216, CityH",CityH,"2023-01-05 00:00:00"
217,"Isaac Nelson",isaac217@email.com,9999000217,"Street 217, CityI",CityI,"2022-06-15 00:00:00"
218,"Jade Owens",jade218@email.com,9999000218,"Street 218, CityJ",CityJ,"2022-12-18 00:00:00"
219,"Kyle Peterson",kyle219@email.com,9999000219,"Street 219, CityK",CityK,"2023-02-05 00:00:00"
220,"Lila Quinn",lila220@email.com,9999000220,"Street 220, CityL",CityL,"2022-07-08 00:00:00"
221,"Mason Roberts",mason221@email.com,9999000221,"Street 221, CityM",CityM,"2022-09-23 00:00:00"
222,"Nora Scott",nora222@email.com,9999000222,"Street 222, CityN",CityN,"2023-01-31 00:00:00"
223,"Owen Taylor",owen223@email.com,9999000223,"Street 223, CityO",CityO,"2022-06-25 00:00:00"
224,"Paige Underwood",paige224@email.com,9999000224,"Street 224, CityP",CityP,"2022-12-03 00:00:00"
225,"Quentin Vaughn",quentin225@email.com,9999000225,"Street 225, CityQ",CityQ,"2023-02-10 00:00:00"
226,"Riley White",riley226@email.com,9999000226,"Street 226, CityR",CityR,"2022-07-17 00:00:00"
227,"Sophia Xu",sophia227@email.com,9999000227,"Street 227, CityS",CityS,"2023-01-08 00:00:00"
228,"Tyler Young",tyler228@email.com,9999000228,"Street 228, CityT",CityT,"2022-07-01 00:00:00"
229,"Uma Zimmerman",uma229@email.com,9999000229,"Street 229, CityU",CityU,"2022-09-14 00:00:00"
230,"Victor Allen",victor230@email.com,9999000230,"Street 230, CityV",CityV,"2023-01-24 00:00:00"
231,"Wendy Brooks",wendy231@email.com,9999000231,"Street 231, CityW",CityW,"2022-06-08 00:00:00"
232,"Xander Carter",xander232@email.com,9999000232,"Street 232, CityX",CityX,"2022-12-11 00:00:00"
233,"Yara Dixon",yara233@email.com,9999000233,"Street 233, CityY",CityY,"2023-02-05 00:00:00"
234,"Zane Edwards",zane234@email.com,9999000234,"Street 234, CityZ",CityZ,"2022-07-28 00:00:00"
235,"Aiden Foster",aiden235@email.com,9999000235,"Street 235, CityA",CityA,"2022-12-06 00:00:00"
236,"Bella Garcia",bella236@email.com,9999000236,"Street 236, CityB",CityB,"2023-02-02 00:00:00"
237,"Calvin Howard",calvin237@email.com,9999000237,"Street 237, CityC",CityC,"2022-06-18 00:00:00"
238,"Daisy Ingram",daisy238@email.com,9999000238,"Street 238, CityD",CityD,"2022-10-01 00:00:00"
239,"Ethan Jenkins",ethan239@email.com,9999000239,"Street 239, CityE",CityE,"2023-02-09 00:00:00"
240,"Fiona Kelly",fiona240@email.com,9999000240,"Street 240, CityF",CityF,"2022-07-24 00:00:00"
241,"Gavin Lee",gavin241@email.com,9999000241,"Street 241, CityG",CityG,"2022-11-15 00:00:00"
242,"Hannah Moore",hannah242@email.com,9999000242,"Street 242, CityH",CityH,"2023-01-06 00:00:00"
243,"Isaac Nelson",isaac243@email.com,9999000243,"Street 243, CityI",CityI,"2022-06-16 00:00:00"
244,"Jade Owens",jade244@email.com,9999000244,"Street 244, CityJ",CityJ,"2022-12-19 00:00:00"
245,"Kyle Peterson",kyle245@email.com,9999000245,"Street 245, CityK",CityK,"2023-02-06 00:00:00"
246,"Lila Quinn",lila246@email.com,9999000246,"Street 246, CityL",CityL,"2022-07-09 00:00:00"
247,"Mason Roberts",mason247@email.com,9999000247,"Street 247, CityM",CityM,"2022-09-24 00:00:00"
248,"Nora Scott",nora248@email.com,9999000248,"Street 248, CityN",CityN,"2023-02-01 00:00:00"
249,"Owen Taylor",owen249@email.com,9999000249,"Street 249, CityO",CityO,"2022-06-26 00:00:00"
250,"Paige Underwood",paige250@email.com,9999000250,"Street 250, CityP",CityP,"2022-12-04 00:00:00"
251,"Quentin Vaughn",quentin251@email.com,9999000251,"Street 251, CityQ",CityQ,"2023-02-11 00:00:00"
252,"Riley White",riley252@email.com,9999000252,"Street 252, CityR",CityR,"2022-07-18 00:00:00"
253,"Sophia Xu",sophia253@email.com,9999000253,"Street 253, CityS",CityS,"2023-01-09 00:00:00"
254,"Tyler Young",tyler254@email.com,9999000254,"Street 254, CityT",CityT,"2022-07-02 00:00:00"
255,"Uma Zimmerman",uma255@email.com,9999000255,"Street 255, CityU",CityU,"2022-09-15 00:00:00"
256,"Victor Allen",victor256@email.com,9999000256,"Street 256, CityV",CityV,"2023-01-25 00:00:00"
257,"Wendy Brooks",wendy257@email.com,9999000257,"Street 257, CityW",CityW,"2022-06-09 00:00:00"
258,"Xander Carter",xander258@email.com,9999000258,"Street 258, CityX",CityX,"2022-12-12 00:00:00"
259,"Yara Dixon",yara259@email.com,9999000259,"Street 259, CityY",CityY,"2023-02-06 00:00:00"
260,"Zane Edwards",zane260@email.com,9999000260,"Street 260, CityZ",CityZ,"2022-07-29 00:00:00"
261,"Aiden Foster",aiden261@email.com,9999000261,"Street 261, CityA",CityA,"2022-12-07 00:00:00"
262,"Bella Garcia",bella262@email.com,9999000262,"Street 262, CityB",CityB,"2023-02-03 00:00:00"
263,"Calvin Howard",calvin263@email.com,9999000263,"Street 263, CityC",CityC,"2022-06-19 00:00:00"
264,"Daisy Ingram",daisy264@email.com,9999000264,"Street 264, CityD",CityD,"2022-10-02 00:00:00"
265,"Ethan Jenkins",ethan265@email.com,9999000265,"Street 265, CityE",CityE,"2023-02-10 00:00:00"
266,"Fiona Kelly",fiona266@email.com,9999000266,"Street 266, CityF",CityF,"2022-07-25 00:00:00"
267,"Gavin Lee",gavin267@email.com,9999000267,"Street 267, CityG",CityG,"2022-11-16 00:00:00"
268,"Hannah Moore",hannah268@email.com,9999000268,"Street 268, CityH",CityH,"2023-01-07 00:00:00"
269,"Isaac Nelson",isaac269@email.com,9999000269,"Street 269, CityI",CityI,"2022-06-17 00:00:00"
270,"Jade Owens",jade270@email.com,9999000270,"Street 270, CityJ",CityJ,"2022-12-20 00:00:00"
271,"Kyle Peterson",kyle271@email.com,9999000271,"Street 271, CityK",CityK,"2023-02-07 00:00:00"
272,"Lila Quinn",lila272@email.com,9999000272,"Street 272, CityL",CityL,"2022-07-10 00:00:00"
273,"Mason Roberts",mason273@email.com,9999000273,"Street 273, CityM",CityM,"2022-09-25 00:00:00"
274,"Nora Scott",nora274@email.com,9999000274,"Street 274, CityN",CityN,"2023-02-02 00:00:00"
275,"Owen Taylor",owen275@email.com,9999000275,"Street 275, CityO",CityO,"2022-06-27 00:00:00"
276,"Paige Underwood",paige276@email.com,9999000276,"Street 276, CityP",CityP,"2022-12-05 00:00:00"
277,"Quentin Vaughn",quentin277@email.com,9999000277,"Street 277, CityQ",CityQ,"2023-02-12 00:00:00"
278,"Riley White",riley278@email.com,9999000278,"Street 278, CityR",CityR,"2022-07-19 00:00:00"
279,"Sophia Xu",sophia279@email.com,9999000279,"Street 279, CityS",CityS,"2023-01-10 00:00:00"
280,"Tyler Young",tyler280@email.com,9999000280,"Street 280, CityT",CityT,"2022-07-03 00:00:00"
281,"Uma Zimmerman",uma281@email.com,9999000281,"Street 281, CityU",CityU,"2022-09-16 00:00:00"
282,"Victor Allen",victor282@email.com,9999000282,"Street 282, CityV",CityV,"2023-01-26 00:00:00"
283,"Wendy Brooks",wendy283@email.com,9999000283,"Street 283, CityW",CityW,"2022-06-10 00:00:00"
284,"Xander Carter",xander284@email.com,9999000284,"Street 284, CityX",CityX,"2022-12-13 00:00:00"
285,"Yara Dixon",yara285@email.com,9999000285,"Street 285, CityY",CityY,"2023-02-07 00:00:00"
286,"Zane Edwards",zane286@email.com,9999000286,"Street 286, CityZ",CityZ,"2022-07-30 00:00:00"
287,"Aiden Foster",aiden287@email.com,9999000287,"Street 287, CityA",CityA,"2022-12-08 00:00:00"
288,"Bella Garcia",bella288@email.com,9999000288,"Street 288, CityB",CityB,"2023-02-04 00:00:00"
289,"Calvin Howard",calvin289@email.com,9999000289,"Street 289, CityC",CityC,"2022-06-20 00:00:00"
290,"Daisy Ingram",daisy290@email.com,9999000290,"Street 290, CityD",CityD,"2022-10-03 00:00:00"
291,"Ethan Jenkins",ethan291@email.com,9999000291,"Street 291, CityE",CityE,"2023-02-11 00:00:00"
292,"Fiona Kelly",fiona292@email.com,9999000292,"Street 292, CityF",CityF,"2022-07-26 00:00:00"
293,"Gavin Lee",gavin293@email.com,9999000293,"Street 293, CityG",CityG,"2022-11-17 00:00:00"
294,"Hannah Moore",hannah294@email.com,9999000294,"Street 294, CityH",CityH,"2023-01-08 00:00:00"
295,"Isaac Nelson",isaac295@email.com,9999000295,"Street 295, CityI",CityI,"2022-06-18 00:00:00"
296,"Jade Owens",jade296@email.com,9999000296,"Street 296, CityJ",CityJ,"2022-12-21 00:00:00"
297,"Kyle Peterson",kyle297@email.com,9999000297,"Street 297, CityK",CityK,"2023-02-08 00:00:00"
298,"Lila Quinn",lila298@email.com,9999000298,"Street 298, CityL",CityL,"2022-07-11 00:00:00"
299,"Mason Roberts",mason299@email.com,9999000299,"Street 299, CityM",CityM,"2022-09-26 00:00:00"
300,"Nora Scott",nora300@email.com,9999000300,"Street 300, CityN",CityN,"2023-02-03 00:00:00"
301,"Owen Taylor",owen301@email.com,9999000301,"Street 301, CityO",CityO,"2022-06-28 00:00:00"
302,"Paige Underwood",paige302@email.com,9999000302,"Street 302, CityP",CityP,"2022-12-06 00:00:00"
303,"Quentin Vaughn",quentin303@email.com,9999000303,"Street 303, CityQ",CityQ,"2023-02-13 00:00:00"
304,"Riley White",riley304@email.com,9999000304,"Street 304, CityR",CityR,"2022-07-20 00:00:00"
305,"Sophia Xu",sophia305@email.com,9999000305,"Street 305, CityS",CityS,"2023-01-11 00:00:00"
306,"Tyler Young",tyler306@email.com,9999000306,"Street 306, CityT",CityT,"2022-07-04 00:00:00"
307,"Uma Zimmerman",uma307@email.com,9999000307,"Street 307, CityU",CityU,"2022-09-17 00:00:00"
308,"Victor Allen",victor308@email.com,9999000308,"Street 308, CityV",CityV,"2023-01-27 00:00:00"
309,"Wendy Brooks",wendy309@email.com,9999000309,"Street 309, CityW",CityW,"2022-06-11 00:00:00"
310,"Xander Carter",xander310@email.com,9999000310,"Street 310, CityX",CityX,"2022-12-14 00:00:00"
311,"Yara Dixon",yara311@email.com,9999000311,"Street 311, CityY",CityY,"2023-02-08 00:00:00"
312,"Zane Edwards",zane312@email.com,9999000312,"Street 312, CityZ",CityZ,"2022-07-31 00:00:00"
313,"Aiden Foster",aiden313@email.com,9999000313,"Street 313, CityA",CityA,"2022-12-09 00:00:00"
314,"Bella Garcia",bella314@email.com,9999000314,"Street 314, CityB",CityB,"2023-02-05 00:00:00"
315,"Calvin Howard",calvin315@email.com,9999000315,"Street 315, CityC",CityC,"2022-06-21 00:00:00"
316,"Daisy Ingram",daisy316@email.com,9999000316,"Street 316, CityD",CityD,"2022-10-04 00:00:00"
317,"Ethan Jenkins",ethan317@email.com,9999000317,"Street 317, CityE",CityE,"2023-02-12 00:00:00"
318,"Fiona Kelly",fiona318@email.com,9999000318,"Street 318, CityF",CityF,"2022-07-27 00:00:00"
319,"Gavin Lee",gavin319@email.com,9999000319,"Street 319, CityG",CityG,"2022-11-18 00:00:00"
320,"Hannah Moore",hannah320@email.com,9999000320,"Street 320, CityH",CityH,"2023-01-09 00:00:00"
321,"Isaac Nelson",isaac321@email.com,9999000321,"Street 321, CityI",CityI,"2022-06-19 00:00:00"
322,"Jade Owens",jade322@email.com,9999000322,"Street 322, CityJ",CityJ,"2022-12-22 00:00:00"
323,"Kyle Peterson",kyle323@email.com,9999000323,"Street 323, CityK",CityK,"2023-02-09 00:00:00"
324,"Lila Quinn",lila324@email.com,9999000324,"Street 324, CityL",CityL,"2022-07-12 00:00:00"
325,"Mason Roberts",mason325@email.com,9999000325,"Street 325, CityM",CityM,"2022-09-27 00:00:00"
326,"Nora Scott",nora326@email.com,9999000326,"Street 326, CityN",CityN,"2023-02-04 00:00:00"
327,"Owen Taylor",owen327@email.com,9999000327,"Street 327, CityO",CityO,"2022-06-29 00:00:00"
328,"Paige Underwood",paige328@email.com,9999000328,"Street 328, CityP",CityP,"2022-12-07 00:00:00"
329,"Quentin Vaughn",quentin329@email.com,9999000329,"Street 329, CityQ",CityQ,"2023-02-14 00:00:00"
330,"Riley White",riley330@email.com,9999000330,"Street 330, CityR",CityR,"2022-07-21 00:00:00"
331,"Sophia Xu",sophia331@email.com,9999000331,"Street 331, CityS",CityS,"2023-01-12 00:00:00"
332,"Tyler Young",tyler332@email.com,9999000332,"Street 332, CityT",CityT,"2022-07-05 00:00:00"
333,"Uma Zimmerman",uma333@email.com,9999000333,"Street 333, CityU",CityU,"2022-09-18 00:00:00"
334,"Victor Allen",victor334@email.com,9999000334,"Street 334, CityV",CityV,"2023-01-28 00:00:00"
335,"Wendy Brooks",wendy335@email.com,9999000335,"Street 335, CityW",CityW,"2022-06-12 00:00:00"
336,"Xander Carter",xander336@email.com,9999000336,"Street 336, CityX",CityX,"2022-12-15 00:00:00"
337,"Yara Dixon",yara337@email.com,9999000337,"Street 337, CityY",CityY,"2023-02-09 00:00:00"
338,"Zane Edwards",zane338@email.com,9999000338,"Street 338, CityZ",CityZ,"2022-08-01 00:00:00"
339,"Aiden Foster",aiden339@email.com,9999000339,"Street 339, CityA",CityA,"2022-12-10 00:00:00"
340,"Bella Garcia",bella340@email.com,9999000340,"Street 340, CityB",CityB,"2023-02-06 00:00:00"
341,"Calvin Howard",calvin341@email.com,9999000341,"Street 341, CityC",CityC,"2022-06-22 00:00:00"
342,"Daisy Ingram",daisy342@email.com,9999000342,"Street 342, CityD",CityD,"2022-10-05 00:00:00"
343,"Ethan Jenkins",ethan343@email.com,9999000343,"Street 343, CityE",CityE,"2023-02-13 00:00:00"
344,"Fiona Kelly",fiona344@email.com,9999000344,"Street 344, CityF",CityF,"2022-07-28 00:00:00"
345,"Gavin Lee",gavin345@email.com,9999000345,"Street 345, CityG",CityG,"2022-11-19 00:00:00"
346,"Hannah Moore",hannah346@email.com,9999000346,"Street 346, CityH",CityH,"2023-01-10 00:00:00"
347,"Isaac Nelson",isaac347@email.com,9999000347,"Street 347, CityI",CityI,"2022-06-20 00:00:00"
348,"Jade Owens",jade348@email.com,9999000348,"Street 348, CityJ",CityJ,"2022-12-23 00:00:00"
349,"Kyle Peterson",kyle349@email.com,9999000349,"Street 349, CityK",CityK,"2023-02-10 00:00:00"
350,"Lila Quinn",lila350@email.com,9999000350,"Street 350, CityL",CityL,"2022-07-13 00:00:00"
351,"Mason Roberts",mason351@email.com,9999000351,"Street 351, CityM",CityM,"2022-09-28 00:00:00"
352,"Nora Scott",nora352@email.com,9999000352,"Street 352, CityN",CityN,"2023-02-05 00:00:00"
353,"Owen Taylor",owen353@email.com,9999000353,"Street 353, CityO",CityO,"2022-06-30 00:00:00"
354,"Paige Underwood",paige354@email.com,9999000354,"Street 354, CityP",CityP,"2022-12-08 00:00:00"
355,"Quentin Vaughn",quentin355@email.com,9999000355,"Street 355, CityQ",CityQ,"2023-02-15 00:00:00"
356,"Riley White",riley356@email.com,9999000356,"Street 356, CityR",CityR,"2022-07-22 00:00:00"
357,"Sophia Xu",sophia357@email.com,9999000357,"Street 357, CityS",CityS,"2023-01-13 00:00:00"
358,"Tyler Young",tyler358@email.com,9999000358,"Street 358, CityT",CityT,"2022-07-06 00:00:00"
359,"Uma Zimmerman",uma359@email.com,9999000359,"Street 359, CityU",CityU,"2022-09-19 00:00:00"
360,"Victor Allen",victor360@email.com,9999000360,"Street 360, CityV",CityV,"2023-01-29 00:00:00"
361,"Wendy Brooks",wendy361@email.com,9999000361,"Street 361, CityW",CityW,"2022-06-13 00:00:00"
362,"Xander Carter",xander362@email.com,9999000362,"Street 362, CityX",CityX,"2022-12-16 00:00:00"
363,"Yara Dixon",yara363@email.com,9999000363,"Street 363, CityY",CityY,"2023-02-10 00:00:00"
364,"Zane Edwards",zane364@email.com,9999000364,"Street 364, CityZ",CityZ,"2022-08-02 00:00:00"
365,"Aiden Foster",aiden365@email.com,9999000365,"Street 365, CityA",CityA,"2022-12-11 00:00:00"
366,"Bella Garcia",bella366@email.com,9999000366,"Street 366, CityB",CityB,"2023-02-07 00:00:00"
367,"Calvin Howard",calvin367@email.com,9999000367,"Street 367, CityC",CityC,"2022-06-23 00:00:00"
368,"Daisy Ingram",daisy368@email.com,9999000368,"Street 368, CityD",CityD,"2022-10-06 00:00:00"
369,"Ethan Jenkins",ethan369@email.com,9999000369,"Street 369, CityE",CityE,"2023-02-14 00:00:00"
370,"Fiona Kelly",fiona370@email.com,9999000370,"Street 370, CityF",CityF,"2022-07-29 00:00:00"
371,"Gavin Lee",gavin371@email.com,9999000371,"Street 371, CityG",CityG,"2022-11-20 00:00:00"
372,"Hannah Moore",hannah372@email.com,9999000372,"Street 372, CityH",CityH,"2023-01-11 00:00:00"
373,"Isaac Nelson",isaac373@email.com,9999000373,"Street 373, CityI",CityI,"2022-06-21 00:00:00"
374,"Jade Owens",jade374@email.com,9999000374,"Street 374, CityJ",CityJ,"2022-12-24 00:00:00"
375,"Kyle Peterson",kyle375@email.com,9999000375,"Street 375, CityK",CityK,"2023-02-11 00:00:00"
376,"Lila Quinn",lila376@email.com,9999000376,"Street 376, CityL",CityL,"2022-07-14 00:00:00"
377,"Mason Roberts",mason377@email.com,9999000377,"Street 377, CityM",CityM,"2022-09-29 00:00:00"
378,"Nora Scott",nora378@email.com,9999000378,"Street 378, CityN",CityN,"2023-02-06 00:00:00"
379,"Owen Taylor",owen379@email.com,9999000379,"Street 379, CityO",CityO,"2022-07-01 00:00:00"
380,"Paige Underwood",paige380@email.com,9999000380,"Street 380, CityP",CityP,"2022-12-09 00:00:00"
381,"Quentin Vaughn",quentin381@email.com,9999000381,"Street 381, CityQ",CityQ,"2023-02-16 00:00:00"
382,"Riley White",riley382@email.com,9999000382,"Street 382, CityR",CityR,"2022-07-23 00:00:00"
383,"Sophia Xu",sophia383@email.com,9999000383,"Street 383, CityS",CityS,"2023-01-14 00:00:00"
384,"Tyler Young",tyler384@email.com,9999000384,"Street 384, CityT",CityT,"2022-07-07 00:00:00"
385,"Uma Zimmerman",uma385@email.com,9999000385,"Street 385, CityU",CityU,"2022-09-20 00:00:00"
386,"Victor Allen",victor386@email.com,9999000386,"Street 386, CityV",CityV,"2023-01-30 00:00:00"
387,"Wendy Brooks",wendy387@email.com,9999000387,"Street 387, CityW",CityW,"2022-06-14 00:00:00"
388,"Xander Carter",xander388@email.com,9999000388,"Street 388, CityX",CityX,"2022-12-17 00:00:00"
389,"Yara Dixon",yara389@email.com,9999000389,"Street 389, CityY",CityY,"2023-02-11 00:00:00"
390,"Zane Edwards",zane390@email.com,9999000390,"Street 390, CityZ",CityZ,"2022-08-03 00:00:00"
391,"Aiden Foster",aiden391@email.com,9999000391,"Street 391, CityA",CityA,"2022-12-12 00:00:00"
392,"Bella Garcia",bella392@email.com,9999000392,"Street 392, CityB",CityB,"2023-02-08 00:00:00"
393,"Calvin Howard",calvin393@email.com,9999000393,"Street 393, CityC",CityC,"2022-06-24 00:00:00"
394,"Daisy Ingram",daisy394@email.com,9999000394,"Street 394, CityD",CityD,"2022-10-07 00:00:00"
395,"Ethan Jenkins",ethan395@email.com,9999000395,"Street 395, CityE",CityE,"2023-02-15 00:00:00"
396,"Fiona Kelly",fiona396@email.com,9999000396,"Street 396, CityF",CityF,"2022-07-30 00:00:00"
397,"Gavin Lee",gavin397@email.com,9999000397,"Street 397, CityG",CityG,"2022-11-21 00:00:00"
398,"Hannah Moore",hannah398@email.com,9999000398,"Street 398, CityH",CityH,"2023-01-12 00:00:00"
399,"Isaac Nelson",isaac399@email.com,9999000399,"Street 399, CityI",CityI,"2022-06-22 00:00:00"
400,"Jade Owens",jade400@email.com,9999000400,"Street 400, CityJ",CityJ,"2022-12-25 00:00:00"
401,"Kyle Peterson",kyle401@email.com,9999000401,"Street 401, CityK",CityK,"2023-02-12 00:00:00"
402,"Lila Quinn",lila402@email.com,9999000402,"Street 402, CityL",CityL,"2022-07-15 00:00:00"
403,"Mason Roberts",mason403@email.com,9999000403,"Street 403, CityM",CityM,"2022-09-30 00:00:00"
404,"Nora Scott",nora404@email.com,9999000404,"Street 404, CityN",CityN,"2023-02-07 00:00:00"
405,"Owen Taylor",owen405@email.com,9999000405,"Street 405, CityO",CityO,"2022-07-02 00:00:00"
406,"Paige Underwood",paige406@email.com,9999000406,"Street 406, CityP",CityP,"2022-12-10 00:00:00"
407,"Quentin Vaughn",quentin407@email.com,9999000407,"Street 407, CityQ",CityQ,"2023-02-17 00:00:00"
408,"Riley White",riley408@email.com,9999000408,"Street 408, CityR",CityR,"2022-07-24 00:00:00"
409,"Sophia Xu",sophia409@email.com,9999000409,"Street 409, CityS",CityS,"2023-01-15 00:00:00"
410,"Tyler Young",tyler410@email.com,9999000410,"Street 410, CityT",CityT,"2022-07-08 00:00:00"
411,"Uma Zimmerman",uma411@email.com,9999000411,"Street 411, CityU",CityU,"2022-09-21 00:00:00"
412,"Victor Allen",victor412@email.com,9999000412,"Street 412, CityV",CityV,"2023-01-31 00:00:00"
413,"Wendy Brooks",wendy413@email.com,9999000413,"Street 413, CityW",CityW,"2022-06-15 00:00:00"
414,"Xander Carter",xander414@email.com,9999000414,"Street 414, CityX",CityX,"2022-12-18 00:00:00"
415,"Yara Dixon",yara415@email.com,9999000415,"Street 415, CityY",CityY,"2023-02-12 00:00:00"
416,"Zane Edwards",zane416@email.com,9999000416,"Street 416, CityZ",CityZ,"2022-08-04 00:00:00"
417,"Aiden Foster",aiden417@email.com,9999000417,"Street 417, CityA",CityA,"2022-12-13 00:00:00"
418,"Bella Garcia",bella418@email.com,9999000418,"Street 418, CityB",CityB,"2023-02-09 00:00:00"
419,"Calvin Howard",calvin419@email.com,9999000419,"Street 419, CityC",CityC,"2022-06-25 00:00:00"
420,"Daisy Ingram",daisy420@email.com,9999000420,"Street 420, CityD",CityD,"2022-10-08 00:00:00"
421,"Ethan Jenkins",ethan421@email.com,9999000421,"Street 421, CityE",CityE,"2023-02-16 00:00:00"
422,"Fiona Kelly",fiona422@email.com,9999000422,"Street 422, CityF",CityF,"2022-07-31 00:00:00"
423,"Gavin Lee",gavin423@email.com,9999000423,"Street 423, CityG",CityG,"2022-11-22 00:00:00"
424,"Hannah Moore",hannah424@email.com,9999000424,"Street 424, CityH",CityH,"2023-01-13 00:00:00"
425,"Isaac Nelson",isaac425@email.com,9999000425,"Street 425, CityI",CityI,"2022-06-23 00:00:00"
426,"Jade Owens",jade426@email.com,9999000426,"Street 426, CityJ",CityJ,"2022-12-26 00:00:00"
427,"Kyle Peterson",kyle427@email.com,9999000427,"Street 427, CityK",CityK,"2023-02-13 00:00:00"
428,"Lila Quinn",lila428@email.com,9999000428,"Street 428, CityL",CityL,"2022-07-16 00:00:00"
429,"Mason Roberts",mason429@email.com,9999000429,"Street 429, CityM",CityM,"2022-10-01 00:00:00"
430,"Nora Scott",nora430@email.com,9999000430,"Street 430, CityN",CityN,"2023-02-08 00:00:00"
431,"Owen Taylor",owen431@email.com,9999000431,"Street 431, CityO",CityO,"2022-07-03 00:00:00"
432,"Paige Underwood",paige432@email.com,9999000432,"Street 432, CityP",CityP,"2022-12-11 00:00:00"
433,"Quentin Vaughn",quentin433@email.com,9999000433,"Street 433, CityQ",CityQ,"2023-02-18 00:00:00"
434,"Riley White",riley434@email.com,9999000434,"Street 434, CityR",CityR,"2022-07-25 00:00:00"
435,"Sophia Xu",sophia435@email.com,9999000435,"Street 435, CityS",CityS,"2023-01-16 00:00:00"
436,"Tyler Young",tyler436@email.com,9999000436,"Street 436, CityT",CityT,"2022-07-09 00:00:00"
437,"Uma Zimmerman",uma437@email.com,9999000437,"Street 437, CityU",CityU,"2022-09-22 00:00:00"
438,"Victor Allen",victor438@email.com,9999000438,"Street 438, CityV",CityV,"2023-02-01 00:00:00"
439,"Wendy Brooks",wendy439@email.com,9999000439,"Street 439, CityW",CityW,"2022-06-16 00:00:00"
440,"Xander Carter",xander440@email.com,9999000440,"Street 440, CityX",CityX,"2022-12-19 00:00:00"
441,"Yara Dixon",yara441@email.com,9999000441,"Street 441, CityY",CityY,"2023-02-13 00:00:00"
442,"Zane Edwards",zane442@email.com,9999000442,"Street 442, CityZ",CityZ,"2022-08-05 00:00:00"
443,"Aiden Foster",aiden443@email.com,9999000443,"Street 443, CityA",CityA,"2022-12-14 00:00:00"
444,"Bella Garcia",bella444@email.com,9999000444,"Street 444, CityB",CityB,"2023-02-10 00:00:00"
445,"Calvin Howard",calvin445@email.com,9999000445,"Street 445, CityC",CityC,"2022-06-26 00:00:00"
446,"Daisy Ingram",daisy446@email.com,9999000446,"Street 446, CityD",CityD,"2022-10-09 00:00:00"
447,"Ethan Jenkins",ethan447@email.com,9999000447,"Street 447, CityE",CityE,"2023-02-17 00:00:00"
448,"Fiona Kelly",fiona448@email.com,9999000448,"Street 448, CityF",CityF,"2022-08-01 00:00:00"
449,"Gavin Lee",gavin449@email.com,9999000449,"Street 449, CityG",CityG,"2022-11-23 00:00:00"
450,"Hannah Moore",hannah450@email.com,9999000450,"Street 450, CityH",CityH,"2023-01-14 00:00:00"
451,"Isaac Nelson",isaac451@email.com,9999000451,"Street 451, CityI",CityI,"2022-06-24 00:00:00"
452,"Jade Owens",jade452@email.com,9999000452,"Street 452, CityJ",CityJ,"2022-12-27 00:00:00"
453,"Kyle Peterson",kyle453@email.com,9999000453,"Street 453, CityK",CityK,"2023-02-14 00:00:00"
454,"Lila Quinn",lila454@email.com,9999000454,"Street 454, CityL",CityL,"2022-07-17 00:00:00"
455,"Mason Roberts",mason455@email.com,9999000455,"Street 455, CityM",CityM,"2022-10-02 00:00:00"
456,"Nora Scott",nora456@email.com,9999000456,"Street 456, CityN",CityN,"2023-02-09 00:00:00"
457,"Owen Taylor",owen457@email.com,9999000457,"Street 457, CityO",CityO,"2022-07-04 00:00:00"
458,"Paige Underwood",paige458@email.com,9999000458,"Street 458, CityP",CityP,"2022-12-12 00:00:00"
459,"Quentin Vaughn",quentin459@email.com,9999000459,"Street 459, CityQ",CityQ,"2023-02-19 00:00:00"
460,"Riley White",riley460@email.com,9999000460,"Street 460, CityR",CityR,"2022-07-26 00:00:00"
461,"Sophia Xu",sophia461@email.com,9999000461,"Street 461, CityS",CityS,"2023-01-17 00:00:00"
462,"Tyler Young",tyler462@email.com,9999000462,"Street 462, CityT",CityT,"2022-07-10 00:00:00"
463,"Uma Zimmerman",uma463@email.com,9999000463,"Street 463, CityU",CityU,"2022-09-23 00:00:00"
464,"Victor Allen",victor464@email.com,9999000464,"Street 464, CityV",CityV,"2023-02-02 00:00:00"
465,"Wendy Brooks",wendy465@email.com,9999000465,"Street 465, CityW",CityW,"2022-06-17 00:00:00"
466,"Xander Carter",xander466@email.com,9999000466,"Street 466, CityX",CityX,"2022-12-20 00:00:00"
467,"Yara Dixon",yara467@email.com,9999000467,"Street 467, CityY",CityY,"2023-02-14 00:00:00"
468,"Zane Edwards",zane468@email.com,9999000468,"Street 468, CityZ",CityZ,"2022-08-06 00:00:00"
469,"Aiden Foster",aiden469@email.com,9999000469,"Street 469, CityA",CityA,"2022-12-15 00:00:00"
470,"Bella Garcia",bella470@email.com,9999000470,"Street 470, CityB",CityB,"2023-02-11 00:00:00"
471,"Calvin Howard",calvin471@email.com,9999000471,"Street 471, CityC",CityC,"2022-06-27 00:00:00"
472,"Daisy Ingram",daisy472@email.com,9999000472,"Street 472, CityD",CityD,"2022-10-10 00:00:00"
473,"Ethan Jenkins",ethan473@email.com,9999000473,"Street 473, CityE",CityE,"2023-02-18 00:00:00"
474,"Fiona Kelly",fiona474@email.com,9999000474,"Street 474, CityF",CityF,"2022-08-02 00:00:00"
475,"Gavin Lee",gavin475@email.com,9999000475,"Street 475, CityG",CityG,"2022-11-24 00:00:00"
476,"Hannah Moore",hannah476@email.com,9999000476,"Street 476, CityH",CityH,"2023-01-15 00:00:00"
477,"Isaac Nelson",isaac477@email.com,9999000477,"Street 477, CityI",CityI,"2022-06-25 00:00:00"
478,"Jade Owens",jade478@email.com,9999000478,"Street 478, CityJ",CityJ,"2022-12-28 00:00:00"
479,"Kyle Peterson",kyle479@email.com,9999000479,"Street 479, CityK",CityK,"2023-02-15 00:00:00"
480,"Lila Quinn",lila480@email.com,9999000480,"Street 480, CityL",CityL,"2022-07-18 00:00:00"
481,"Mason Roberts",mason481@email.com,9999000481,"Street 481, CityM",CityM,"2022-10-03 00:00:00"
482,"Nora Scott",nora482@email.com,9999000482,"Street 482, CityN",CityN,"2023-02-10 00:00:00"
483,"Owen Taylor",owen483@email.com,9999000483,"Street 483, CityO",CityO,"2022-07-05 00:00:00"
484,"Paige Underwood",paige484@email.com,9999000484,"Street 484, CityP",CityP,"2022-12-13 00:00:00"
485,"Quentin Vaughn",quentin485@email.com,9999000485,"Street 485, CityQ",CityQ,"2023-02-20 00:00:00"
486,"Riley White",riley486@email.com,9999000486,"Street 486, CityR",CityR,"2022-07-27 00:00:00"
487,"Sophia Xu",sophia487@email.com,9999000487,"Street 487, CityS",CityS,"2023-01-18 00:00:00"
488,"Tyler Young",tyler488@email.com,9999000488,"Street 488, CityT",CityT,"2022-07-11 00:00:00"
489,"Uma Zimmerman",uma489@email.com,9999000489,"Street 489, CityU",CityU,"2022-09-24 00:00:00"
490,"Victor Allen",victor490@email.com,9999000490,"Street 490, CityV",CityV,"2023-02-03 00:00:00"
491,"Wendy Brooks",wendy491@email.com,9999000491,"Street 491, CityW",CityW,"2022-06-18 00:00:00"
492,"Xander Carter",xander492@email.com,9999000492,"Street 492, CityX",CityX,"2022-12-21 00:00:00"
493,"Yara Dixon",yara493@email.com,9999000493,"Street 493, CityY",CityY,"2023-02-15 00:00:00"
494,"Zane Edwards",zane494@email.com,9999000494,"Street 494, CityZ",CityZ,"2022-08-07 00:00:00"
495,"Aiden Foster",aiden495@email.com,9999000495,"Street 495, CityA",CityA,"2022-12-16 00:00:00"
496,"Bella Garcia",bella496@email.com,9999000496,"Street 496, CityB",CityB,"2023-02-12 00:00:00"
497,"Calvin Howard",calvin497@email.com,9999000497,"Street 497, CityC",CityC,"2022-06-28 00:00:00"
498,"Daisy Ingram",daisy498@email.com,9999000498,"Street 498, CityD",CityD,"2022-10-11 00:00:00"
499,"Ethan Jenkins",ethan499@email.com,9999000499,"Street 499, CityE",CityE,"2023-02-19 00:00:00"
500,"Fiona Kelly",fiona500@email.com,9999000500,"Street 500, CityF",CityF,"2022-08-03 00:00:00"
